189,268,177,120,356,169,398,230,274,125,284,290,193,160,263,148,11,29,188,116,241,107,313,234,46,338,2,415,182,303,138,348,327,64,82,200,351,386,109,304,293,114,39,112,220,41,61,180,140,208,139,37,104,272,412,217,87,18,183,267,400,368,10,88,198,287,58,282,321,143,266,142,269,16,238,154,119,132,223,328,93,96,324,387,297,44,122,216,31,145,72,128,26,314,252,250,270,141,383,95,381,194,271,62,99,315,369,285,91,244,40,1,165,239,260,254,157,84,81,243,186,101,155,35,12,147,389,376,245,333,166,294,83,171,77,262,105,70,33,405,175,366,36,226,317,176,394,225,236,144,117,373,7,214,215,233,204,339,286,63,15,103,353,391,60,207,150,90,50,127,67,74,133,163,210,191,17,108,365,347,352,319,280,236,195,110,408,187,281,257,-1,-1,-1,-1,-1,-1,-1,-1,-1,-1,-1,-1,-1,-1,-1,-1,-1,-1,-1,-1,-1,-1,-1,-1,-1,-1,-1,-1,-1,-1,-1,-1,-1,-1,-1,-1,-1,-1,-1,-1,-1,-1,-1,-1,-1,-1,-1,-1,-1,-1,-1,-1,-1,-1,-1,-1,-1,-1,-1,-1,-1,-1,-1,-1,-1,-1,-1,-1,-1,-1,-1,-1
268,189,177,230,290,120,356,374,167,284,164,274,380,169,398,125,160,193,143,154,119,16,297,336,324,321,266,387,305,238,269,132,387,16,336,119,142,223,44,158,216,31,26,128,314,252,270,383,141,95,45,250,379,271,341,194,381,99,62,315,91,239,369,285,244,165,243,260,157,1,40,171,186,101,35,155,376,245,333,12,389,147,166,294,25,83,140,180,139,37,104,208,272,88,368,400,87,217,10,378,263,241,148,188,29,11,116,182,2,415,313,234,46,338,82,64,114,39,220,41,61,200,123,306,304,386,109,293,351,112,222,59,22,196,237,214,7,215,233,63,103,15,204,353,60,339,286,391,28,299,205,113,49,345,335,246,342,89,248,377,32,14,409,69,150,207,90,127,163,191,210,133,50,365,347,67,74,108,280,319,352,17,-1,-1,-1,-1,-1,-1,-1,-1,-1,-1,-1,-1,-1,-1,-1,-1,-1,-1,-1,-1,-1,-1,-1,-1,-1,-1,-1,-1,-1,-1,-1,-1,-1,-1,-1,-1,-1,-1,-1,-1,-1,-1,-1,-1,-1,-1,-1,-1,-1,-1,-1,-1,-1,-1,-1,-1,-1,-1,-1,-1,-1,-1,-1,-1,-1,-1,-1,-1,-1,-1,-1,-1,-1,-1,-1,-1,-1,-1,-1,-1
268,189,356,143,321,266,238,154,208,373,77,236,26,128,99,62,315,91,214,7,215,204,233,63,15,103,353,197,137,339,286,251,391,250,270,141,383,95,341,314,252,171,186,155,101,35,376,245,333,244,369,285,239,165,260,40,1,157,84,166,12,147,389,294,262,317,33,70,176,405,175,406,366,225,105,144,117,215,63,353,197,233,205,342,49,255,262,317,77,236,-1,-1,-1,-1,-1,-1,-1,-1,-1,-1,-1,-1,-1,-1,-1,-1,-1,-1,-1,-1,-1,-1,-1,-1,-1,-1,-1,-1,-1,-1,-1,-1,-1,-1,-1,-1,-1,-1,-1,-1,-1,-1,-1,-1,-1,-1,-1,-1,-1,-1,-1,-1,-1,-1,-1,-1,-1,-1,-1,-1,-1,-1,-1,-1,-1,-1,-1,-1,-1,-1,-1,-1,-1,-1,-1,-1,-1,-1,-1,-1,-1,-1,-1,-1,-1,-1,-1,-1,-1,-1,-1,-1,-1,-1,-1,-1,-1,-1,-1,-1,-1,-1,-1,-1,-1,-1,-1,-1,-1,-1,-1,-1,-1,-1,-1,-1,-1,-1,-1,-1,-1,-1,-1,-1,-1,-1,-1,-1,-1,-1,-1,-1,-1,-1,-1,-1,-1,-1,-1,-1,-1,-1,-1,-1,-1,-1,-1,-1,-1,-1,-1,-1,-1,-1,-1,-1,-1,-1,-1,-1,-1,-1,-1,-1,-1,-1,-1,-1,-1,-1,-1,-1
268,189,356,120,177,230,284,290,398,274,125,374,160,274,182,348,327,116,11,266,321,223,132,143,119,154,305,140,180,208,104,217,87,400,139,37,10,272,183,88,142,119,154,238,171,186,12,147,389,83,101,155,179,35,166,376,245,333,291,25,294,373,77,33,262,317,236,405,175,366,70,176,225,105,117,362,57,214,7,215,353,233,256,204,63,15,103,391,339,286,60,28,299,205,342,246,49,335,345,409,113,255,14,32,377,248,89,149,150,207,90,127,382,50,133,163,210,191,17,352,319,280,108,74,67,118,365,174,347,227,99,62,315,86,369,244,91,239,165,285,260,84,81,243,40,1,157,-1,-1,-1,-1,-1,-1,-1,-1,-1,-1,-1,-1,-1,-1,-1,-1,-1,-1,-1,-1,-1,-1,-1,-1,-1,-1,-1,-1,-1,-1,-1,-1,-1,-1,-1,-1,-1,-1,-1,-1,-1,-1,-1,-1,-1,-1,-1,-1,-1,-1,-1,-1,-1,-1,-1,-1,-1,-1,-1,-1,-1,-1,-1,-1,-1,-1,-1,-1,-1,-1,-1,-1,-1,-1,-1,-1,-1,-1,-1,-1,-1,-1,-1,-1,-1,-1,-1,-1,-1,-1,-1,-1,-1,-1,-1,-1,-1,-1,-1,-1,-1,-1,-1,-1,-1,-1,-1,-1,-1,-1,-1,-1,-1,-1,-1
29,378,263,148,188,11,116,241,313,234,303,46,138,338,182,348,327,82,64,386,109,114,112,39,220,41,304,193,177,160,167,380,374,164,61,200,351,43,222,79,237,109,293,140,180,139,208,272,104,37,412,87,10,400,88,368,217,140,180,139,208,272,104,37,412,183,368,87,217,10,400,88,380,274,230,398,125,284,321,266,143,119,154,324,16,142,297,119,336,328,93,96,193,188,241,223,158,269,44,216,31,128,26,252,314,250,270,141,381,383,95,194,271,341,102,62,315,86,369,99,285,244,40,1,165,260,239,91,157,243,254,186,171,101,155,12,35,147,389,83,291,376,333,245,166,294,25,77,373,262,236,33,317,176,70,289,226,36,175,405,57,366,105,117,225,394,362,7,214,215,233,204,63,197,339,286,391,251,15,103,353,137,60,299,28,205,49,342,113,345,149,255,246,295,14,32,377,89,69,372,335,69,372,335,345,409,295,14,113,207,150,90,382,163,127,133,67,74,108,210,191,174,17,227,50,118,365,352,319,280,165,369,223,215,197,353,-1,-1,-1,-1,-1,-1,-1,-1,-1,-1,-1,-1,-1,-1,-1,-1,-1,-1,-1,-1,-1,-1,-1,-1,-1,-1
177,268,189,230,380,120,290,356,167,160,274,284,193,398,125,284,230,274,125,140,180,139,37,58,10,208,282,18,104,293,59,237,222,104,217,87,400,88,37,10,266,321,238,142,143,119,154,324,269,142,44,223,324,93,96,16,216,158,31,26,128,314,250,102,252,48,95,383,381,194,270,141,271,341,99,62,315,91,84,239,369,285,165,260,244,40,1,157,243,171,186,101,155,35,12,291,83,147,389,166,294,25,376,245,333,236,262,373,77,33,405,175,366,57,70,226,36,105,289,317,176,394,225,362,117,214,7,215,204,233,339,286,63,15,103,391,353,60,28,299,205,113,377,32,14,342,69,246,49,335,345,409,248,149,89,150,207,90,127,133,163,210,191,17,174,50,347,97,67,74,108,365,280,319,352,-1,-1,-1,-1,-1,-1,-1,-1,-1,-1,-1,-1,-1,-1,-1,-1,-1,-1,-1,-1,-1,-1,-1,-1,-1,-1,-1,-1,-1,-1,-1,-1,-1,-1,-1,-1,-1,-1,-1,-1,-1,-1,-1,-1,-1,-1,-1,-1,-1,-1,-1,-1,-1,-1,-1,-1,-1,-1,-1,-1,-1,-1,-1,-1,-1,-1,-1,-1,-1,-1,-1,-1,-1,-1,-1,-1,-1,-1,-1,-1,-1,-1,-1,-1,-1,-1,-1
290,193,120,125,160,284,274,398,164,64,82,114,220,39,41,9,386,304,61,351,200,112,222,109,59,22,196,237,123,306,180,140,139,37,104,217,87,208,272,18,267,88,58,287,282,368,400,10,321,266,143,387,142,336,119,154,223,16,158,324,269,44,216,31,128,26,270,383,141,95,314,252,250,271,341,194,381,62,99,315,91,369,285,244,86,265,165,81,260,84,239,157,1,40,186,171,101,35,179,155,12,389,147,166,294,25,376,245,333,83,77,373,33,175,405,236,317,176,262,70,362,105,117,406,226,366,225,7,214,215,204,233,63,391,103,15,353,60,339,286,207,150,127,133,163,17,191,90,50,210,347,365,352,319,280,108,74,67,-1,-1,-1,-1,-1,-1,-1,-1,-1,-1,-1,-1,-1,-1,-1,-1,-1,-1,-1,-1,-1,-1,-1,-1,-1,-1,-1,-1,-1,-1,-1,-1,-1,-1,-1,-1,-1,-1,-1,-1,-1,-1,-1,-1,-1,-1,-1,-1,-1,-1,-1,-1,-1,-1,-1,-1,-1,-1,-1,-1,-1,-1,-1,-1,-1,-1,-1,-1,-1,-1,-1,-1,-1,-1,-1,-1,-1,-1,-1,-1,-1,-1,-1,-1,-1,-1,-1,-1,-1,-1,-1,-1,-1,-1,-1,-1,-1,-1,-1,-1,-1,-1,-1,-1
290,356,169,177,193,378,263,188,120,177,356,230,64,114,220,39,41,386,109,82,54,304,200,351,43,61,112,222,180,140,139,37,272,104,217,87,208,88,368,400,10,321,143,119,238,336,266,142,154,223,324,269,305,96,16,158,44,383,270,314,229,252,141,95,250,271,341,194,381,186,171,101,35,155,12,147,389,376,245,333,166,371,53,309,25,83,77,373,33,236,70,317,176,262,362,366,225,226,105,117,406,175,405,7,214,215,204,233,63,391,103,15,353,60,339,286,299,28,205,113,49,409,345,335,342,246,89,149,377,32,248,14,69,207,150,90,163,127,133,50,111,347,17,191,210,352,319,365,280,108,74,67,-1,-1,-1,-1,-1,-1,-1,-1,-1,-1,-1,-1,-1,-1,-1,-1,-1,-1,-1,-1,-1,-1,-1,-1,-1,-1,-1,-1,-1,-1,-1,-1,-1,-1,-1,-1,-1,-1,-1,-1,-1,-1,-1,-1,-1,-1,-1,-1,-1,-1,-1,-1,-1,-1,-1,-1,-1,-1,-1,-1,-1,-1,-1,-1,-1,-1,-1,-1,-1,-1,-1,-1,-1,-1,-1,-1,-1,-1,-1,-1,-1,-1,-1,-1,-1,-1,-1,-1,-1,-1,-1,-1,-1,-1,-1,-1,-1,-1,-1,-1,-1,-1,-1,-1,-1,-1,-1,-1,-1,-1
189,268,290,193,177,263,378,29,148,188,241,11,116,313,234,46,338,303,138,348,346,182,64,82,114,39,386,304,112,220,61,200,41,351,109,222,59,22,196,79,306,123,8,399,237,54,9,62,99,86,315,91,369,186,171,101,35,376,245,333,12,147,389,83,166,77,373,262,236,33,317,70,405,175,289,406,36,226,366,176,225,362,105,117,299,28,205,113,49,335,345,409,377,32,255,14,246,342,69,149,89,248,207,127,163,150,382,90,210,191,17,174,133,352,319,280,50,67,74,108,365,347,384,52,203,261,27,152,106,13,199,279,65,38,219,19,94,343,124,181,24,397,330,300,168,224,47,331,136,173,151,218,56,393,66,78,298,185,131,126,253,240,20,307,364,228,340,311,390,135,370,211,369,239,84,71,285,244,40,1,157,254,165,243,265,260,155,294,7,214,215,233,353,204,63,15,103,391,339,286,60,177,193,230,100,120,356,125,398,274,374,284,167,160,164,238,154,305,119,142,132,328,223,16,158,269,44,31,122,252,95,383,381,250,102,271,194,341,44,122,119,-1,-1,-1,-1,-1,-1,-1,-1,-1,-1,-1,-1,-1,-1,-1,-1,-1,-1,-1,-1,-1
189,268,177,230,290,356,120,160,167,380,374,274,273,193,100,398,125,284,164,222,351,109,59,22,196,123,306,237,293,18,267,88,368,400,305,238,266,143,321,154,142,269,297,171,186,101,35,155,376,245,333,12,147,389,373,77,236,262,33,105,70,226,406,405,175,317,176,225,366,214,7,215,204,233,63,15,103,391,353,60,339,286,299,28,205,113,377,32,246,49,335,345,149,342,89,248,409,14,69,207,150,90,127,163,133,67,74,108,210,191,17,174,280,319,352,50,365,347,-1,-1,-1,-1,-1,-1,-1,-1,-1,-1,-1,-1,-1,-1,-1,-1,-1,-1,-1,-1,-1,-1,-1,-1,-1,-1,-1,-1,-1,-1,-1,-1,-1,-1,-1,-1,-1,-1,-1,-1,-1,-1,-1,-1,-1,-1,-1,-1,-1,-1,-1,-1,-1,-1,-1,-1,-1,-1,-1,-1,-1,-1,-1,-1,-1,-1,-1,-1,-1,-1,-1,-1,-1,-1,-1,-1,-1,-1,-1,-1,-1,-1,-1,-1,-1,-1,-1,-1,-1,-1,-1,-1,-1,-1,-1,-1,-1,-1,-1,-1,-1,-1,-1,-1,-1,-1,-1,-1,-1,-1,-1,-1,-1,-1,-1,-1,-1,-1,-1,-1,-1,-1,-1,-1,-1,-1,-1,-1,-1,-1,-1,-1,-1,-1,-1,-1,-1,-1,-1,-1,-1,-1,-1,-1
177,290,193,268,189,120,356,230,100,398,274,125,284,82,193,140,180,208,104,18,139,37,217,87,10,400,88,368,64,114,220,112,41,39,386,109,293,306,123,22,59,222,196,304,266,321,238,328,154,305,143,142,16,119,269,324,99,62,369,315,244,285,91,1,165,239,260,84,254,373,77,236,317,262,33,70,176,175,225,366,226,362,406,405,105,117,171,186,101,35,155,371,166,12,389,147,333,245,83,294,376,25,150,207,90,280,319,127,133,67,74,108,163,191,17,210,50,347,365,352,214,7,215,204,233,353,339,286,63,103,391,15,60,28,299,205,113,342,49,345,246,409,335,14,32,69,248,377,89,262,157,40,369,285,91,239,260,243,-1,-1,-1,-1,-1,-1,-1,-1,-1,-1,-1,-1,-1,-1,-1,-1,-1,-1,-1,-1,-1,-1,-1,-1,-1,-1,-1,-1,-1,-1,-1,-1,-1,-1,-1,-1,-1,-1,-1,-1,-1,-1,-1,-1,-1,-1,-1,-1,-1,-1,-1,-1,-1,-1,-1,-1,-1,-1,-1,-1,-1,-1,-1,-1,-1,-1,-1,-1,-1,-1,-1,-1,-1,-1,-1,-1,-1,-1,-1,-1,-1,-1,-1,-1,-1,-1,-1,-1,-1,-1,-1,-1,-1,-1,-1,-1,-1,-1,-1,-1,-1,-1,-1,-1
268,189,177,193,100,290,120,274,398,125,356,160,378,263,316,241,148,188,29,11,116,138,303,348,346,82,64,114,39,112,123,306,196,220,41,386,109,304,293,61,351,222,200,22,59,140,180,208,272,412,139,37,104,217,87,400,88,10,368,183,266,321,238,154,305,119,269,143,387,142,223,16,158,324,31,44,26,128,252,314,324,216,31,270,141,95,383,250,194,271,341,381,99,62,369,315,91,239,84,285,165,244,40,1,157,243,260,171,186,166,101,12,155,294,147,389,83,333,245,35,291,25,376,373,77,317,394,176,225,262,33,70,226,405,175,366,105,236,406,362,117,214,7,215,204,233,353,63,60,15,103,391,339,286,28,299,205,113,49,342,377,32,246,149,335,345,409,14,69,248,89,150,207,90,127,133,67,74,108,163,210,191,17,174,50,365,280,319,347,352,-1,-1,-1,-1,-1,-1,-1,-1,-1,-1,-1,-1,-1,-1,-1,-1,-1,-1,-1,-1,-1,-1,-1,-1,-1,-1,-1,-1,-1,-1,-1,-1,-1,-1,-1,-1,-1,-1,-1,-1,-1,-1,-1,-1,-1,-1,-1,-1,-1,-1,-1,-1,-1,-1,-1,-1,-1,-1,-1,-1,-1,-1,-1,-1,-1,-1,-1,-1,-1,-1,-1,-1
268,120,356,169,398,230,274,125,284,177,193,189,290,160,164,82,64,114,39,386,109,304,112,220,41,61,351,43,200,140,180,139,37,272,208,104,217,87,88,400,183,10,368,99,62,244,86,315,165,369,285,260,91,239,40,1,84,243,157,171,186,101,35,155,12,147,389,376,245,333,166,83,294,373,77,317,176,262,70,236,226,33,405,175,366,105,117,225,144,214,7,215,233,204,63,15,103,197,339,286,353,60,391,28,299,205,49,113,335,345,409,377,32,255,246,295,69,372,342,248,14,89,150,207,90,382,163,127,133,67,74,108,50,210,191,17,347,227,118,365,280,319,352,-1,-1,-1,-1,-1,-1,-1,-1,-1,-1,-1,-1,-1,-1,-1,-1,-1,-1,-1,-1,-1,-1,-1,-1,-1,-1,-1,-1,-1,-1,-1,-1,-1,-1,-1,-1,-1,-1,-1,-1,-1,-1,-1,-1,-1,-1,-1,-1,-1,-1,-1,-1,-1,-1,-1,-1,-1,-1,-1,-1,-1,-1,-1,-1,-1,-1,-1,-1,-1,-1,-1,-1,-1,-1,-1,-1,-1,-1,-1,-1,-1,-1,-1,-1,-1,-1,-1,-1,-1,-1,-1,-1,-1,-1,-1,-1,-1,-1,-1,-1,-1,-1,-1,-1,-1,-1,-1,-1,-1,-1,-1,-1,-1,-1,-1,-1,-1,-1,-1
268,189,177,120,356,290,230,274,380,164,167,284,374,398,125,160,378,316,263,148,188,29,11,116,313,234,303,46,338,138,241,182,348,266,143,321,119,238,154,16,324,297,336,387,142,26,128,99,62,315,91,369,239,84,285,165,260,171,186,101,35,155,245,376,333,166,12,147,389,291,25,294,184,83,33,405,175,36,57,289,117,105,176,225,244,40,1,157,84,243,250,48,102,271,141,95,383,381,194,31,223,216,387,158,366,406,362,214,7,215,204,233,256,353,339,286,63,15,103,391,60,28,299,205,113,49,342,335,345,149,246,89,69,14,32,396,409,248,377,150,207,90,127,133,67,74,280,319,50,365,163,210,191,174,382,82,64,114,39,112,220,41,123,8,306,399,386,304,109,293,-1,-1,-1,-1,-1,-1,-1,-1,-1,-1,-1,-1,-1,-1,-1,-1,-1,-1,-1,-1,-1,-1,-1,-1,-1,-1,-1,-1,-1,-1,-1,-1,-1,-1,-1,-1,-1,-1,-1,-1,-1,-1,-1,-1,-1,-1,-1,-1,-1,-1,-1,-1,-1,-1,-1,-1,-1,-1,-1,-1,-1,-1,-1,-1,-1,-1,-1,-1,-1,-1,-1,-1,-1,-1,-1,-1,-1,-1,-1,-1,-1,-1,-1,-1,-1,-1,-1,-1,-1,-1,-1,-1
386,82,114,64,140,104,139,37,217,87,208,180,183,266,328,238,154,119,336,297,387,93,96,143,321,142,314,252,95,383,381,250,194,271,341,244,40,1,315,91,369,165,285,239,260,99,62,373,77,33,405,175,236,262,223,16,158,324,269,44,321,132,31,216,214,7,215,63,204,15,103,233,339,286,353,391,60,28,299,205,113,14,32,377,49,335,345,246,342,89,149,248,69,409,150,207,163,210,191,90,382,352,319,280,127,133,67,74,50,365,174,17,227,118,347,108,-1,-1,-1,-1,-1,-1,-1,-1,-1,-1,-1,-1,-1,-1,-1,-1,-1,-1,-1,-1,-1,-1,-1,-1,-1,-1,-1,-1,-1,-1,-1,-1,-1,-1,-1,-1,-1,-1,-1,-1,-1,-1,-1,-1,-1,-1,-1,-1,-1,-1,-1,-1,-1,-1,-1,-1,-1,-1,-1,-1,-1,-1,-1,-1,-1,-1,-1,-1,-1,-1,-1,-1,-1,-1,-1,-1,-1,-1,-1,-1,-1,-1,-1,-1,-1,-1,-1,-1,-1,-1,-1,-1,-1,-1,-1,-1,-1,-1,-1,-1,-1,-1,-1,-1,-1,-1,-1,-1,-1,-1,-1,-1,-1,-1,-1,-1,-1,-1,-1,-1,-1,-1,-1,-1,-1,-1,-1,-1,-1,-1,-1,-1,-1,-1,-1,-1,-1,-1,-1,-1,-1,-1,-1,-1,-1,-1
268,189,290,193,177,120,356,230,160,164,274,284,398,125,263,148,378,188,116,11,29,241,182,348,313,234,303,46,338,138,327,386,304,109,293,114,39,61,200,351,22,41,306,220,123,59,237,112,222,180,140,139,208,272,104,217,87,400,183,37,10,88,368,321,328,119,223,324,154,143,266,142,93,96,269,132,72,122,44,145,44,31,16,216,128,26,314,252,270,141,250,145,72,122,44,31,216,324,141,270,341,95,383,102,252,194,271,381,62,244,315,86,239,84,71,91,369,285,40,1,157,165,243,260,186,171,101,35,371,155,12,147,389,83,166,333,245,376,294,25,77,236,33,317,176,262,70,373,105,226,406,405,225,175,366,362,7,214,215,204,233,15,63,353,339,286,197,103,391,137,251,299,28,205,113,342,255,335,49,246,89,149,207,150,90,127,133,382,280,319,352,50,365,-1,-1,-1,-1,-1,-1,-1,-1,-1,-1,-1,-1,-1,-1,-1,-1,-1,-1,-1,-1,-1,-1,-1,-1,-1,-1,-1,-1,-1,-1,-1,-1,-1,-1,-1,-1,-1,-1,-1,-1,-1,-1,-1,-1,-1,-1,-1,-1,-1,-1,-1,-1,-1,-1,-1,-1,-1,-1,-1,-1,-1,-1,-1,-1,-1,-1,-1,-1,-1
82,64,114,39,220,41,386,304,112,61,200,351,177,120,356,290,189,120,356,177,193,140,180,139,37,104,208,272,88,368,400,87,217,10,-1,-1,-1,-1,-1,-1,-1,-1,-1,-1,-1,-1,-1,-1,-1,-1,-1,-1,-1,-1,-1,-1,-1,-1,-1,-1,-1,-1,-1,-1,-1,-1,-1,-1,-1,-1,-1,-1,-1,-1,-1,-1,-1,-1,-1,-1,-1,-1,-1,-1,-1,-1,-1,-1,-1,-1,-1,-1,-1,-1,-1,-1,-1,-1,-1,-1,-1,-1,-1,-1,-1,-1,-1,-1,-1,-1,-1,-1,-1,-1,-1,-1,-1,-1,-1,-1,-1,-1,-1,-1,-1,-1,-1,-1,-1,-1,-1,-1,-1,-1,-1,-1,-1,-1,-1,-1,-1,-1,-1,-1,-1,-1,-1,-1,-1,-1,-1,-1,-1,-1,-1,-1,-1,-1,-1,-1,-1,-1,-1,-1,-1,-1,-1,-1,-1,-1,-1,-1,-1,-1,-1,-1,-1,-1,-1,-1,-1,-1,-1,-1,-1,-1,-1,-1,-1,-1,-1,-1,-1,-1,-1,-1,-1,-1,-1,-1,-1,-1,-1,-1,-1,-1,-1,-1,-1,-1,-1,-1,-1,-1,-1,-1,-1,-1,-1,-1,-1,-1,-1,-1,-1,-1,-1,-1,-1,-1,-1,-1,-1,-1,-1,-1,-1,-1,-1,-1,-1,-1,-1,-1,-1,-1,-1,-1,-1,-1,-1,-1,-1,-1,-1,-1,-1,-1,-1,-1,-1,-1
268,189,120,356,177,230,290,169,398,274,125,284,160,164,378,263,148,316,29,188,241,312,23,162,116,11,138,303,348,346,140,180,139,37,208,272,104,88,400,368,217,87,10,-1,-1,-1,-1,-1,-1,-1,-1,-1,-1,-1,-1,-1,-1,-1,-1,-1,-1,-1,-1,-1,-1,-1,-1,-1,-1,-1,-1,-1,-1,-1,-1,-1,-1,-1,-1,-1,-1,-1,-1,-1,-1,-1,-1,-1,-1,-1,-1,-1,-1,-1,-1,-1,-1,-1,-1,-1,-1,-1,-1,-1,-1,-1,-1,-1,-1,-1,-1,-1,-1,-1,-1,-1,-1,-1,-1,-1,-1,-1,-1,-1,-1,-1,-1,-1,-1,-1,-1,-1,-1,-1,-1,-1,-1,-1,-1,-1,-1,-1,-1,-1,-1,-1,-1,-1,-1,-1,-1,-1,-1,-1,-1,-1,-1,-1,-1,-1,-1,-1,-1,-1,-1,-1,-1,-1,-1,-1,-1,-1,-1,-1,-1,-1,-1,-1,-1,-1,-1,-1,-1,-1,-1,-1,-1,-1,-1,-1,-1,-1,-1,-1,-1,-1,-1,-1,-1,-1,-1,-1,-1,-1,-1,-1,-1,-1,-1,-1,-1,-1,-1,-1,-1,-1,-1,-1,-1,-1,-1,-1,-1,-1,-1,-1,-1,-1,-1,-1,-1,-1,-1,-1,-1,-1,-1,-1,-1,-1,-1,-1,-1,-1,-1,-1,-1,-1,-1,-1,-1,-1,-1,-1,-1,-1,-1,-1,-1,-1,-1,-1
268,189,290,356,177,230,120,398,274,125,284,193,378,263,148,188,241,29,11,116,138,303,348,346,313,234,46,338,82,64,114,39,112,386,304,220,41,293,306,123,22,59,222,196,140,180,139,104,208,37,272,10,217,87,400,88,368,143,321,266,238,154,119,328,132,324,142,269,93,96,72,122,44,145,31,16,216,171,186,101,35,155,371,147,166,373,77,317,262,70,405,176,236,105,226,117,175,366,406,225,362,33,36,57,289,209,350,12,147,389,101,35,376,245,333,291,184,83,166,25,294,244,40,1,285,369,157,254,349,84,243,260,239,71,252,379,102,48,45,194,274,380,273,284,374,258,164,167,358,160,-1,-1,-1,-1,-1,-1,-1,-1,-1,-1,-1,-1,-1,-1,-1,-1,-1,-1,-1,-1,-1,-1,-1,-1,-1,-1,-1,-1,-1,-1,-1,-1,-1,-1,-1,-1,-1,-1,-1,-1,-1,-1,-1,-1,-1,-1,-1,-1,-1,-1,-1,-1,-1,-1,-1,-1,-1,-1,-1,-1,-1,-1,-1,-1,-1,-1,-1,-1,-1,-1,-1,-1,-1,-1,-1,-1,-1,-1,-1,-1,-1,-1,-1,-1,-1,-1,-1,-1,-1,-1,-1,-1,-1,-1,-1,-1,-1,-1,-1,-1,-1,-1,-1,-1,-1,-1,-1,-1,-1,-1,-1,-1
140,180,139,104,208,58,37,10,287,217,87,400,88,18,272,412,183,267,378,263,316,148,188,11,116,29,241,346,138,303,348,312,23,162,130,4,5,82,64,114,39,220,8,123,41,399,306,304,112,386,109,22,59,222,196,351,61,200,43,237,266,321,238,154,143,119,142,328,93,96,269,324,44,31,16,158,223,216,132,145,72,122,336,26,128,252,314,48,45,194,250,271,341,270,383,141,95,381,99,62,244,1,369,86,315,91,239,84,71,254,157,165,285,260,243,40,171,186,101,35,155,12,389,147,376,245,333,291,83,166,25,294,373,77,236,317,176,225,394,262,70,226,36,33,175,405,57,366,362,105,117,214,7,215,204,63,103,288,391,15,233,339,286,353,60,28,299,205,49,342,113,377,32,345,149,409,335,69,246,14,248,89,150,207,127,133,67,74,108,90,163,191,174,17,210,382,50,365,347,118,227,352,319,280,213,278,292,355,55,361,408,195,110,187,281,257,221,322,414,30,392,129,76,308,363,206,51,80,326,276,235,318,329,337,172,212,159,407,403,0,146,360,247,354,410,34,385,134,388,275,375,85,75,98,21,42,401,242,232,334,-1,-1
189,268,177,230,169,290,193,120,356,160,125,284,274,398,164,64,82,114,302,39,386,9,220,41,304,54,61,43,351,115,112,222,200,109,59,22,196,237,123,306,180,140,139,37,321,238,143,266,142,387,305,336,62,99,315,244,369,91,285,165,243,260,157,1,40,239,186,101,171,12,245,184,35,155,179,376,333,389,83,147,336,72,297,305,336,119,305,154,223,16,142,158,324,269,44,216,31,77,373,262,325,70,33,175,405,317,176,7,214,215,233,256,204,299,28,246,205,32,113,49,342,89,248,377,14,409,345,335,69,207,150,127,133,163,90,382,50,118,227,365,352,319,17,191,210,108,74,280,67,-1,-1,-1,-1,-1,-1,-1,-1,-1,-1,-1,-1,-1,-1,-1,-1,-1,-1,-1,-1,-1,-1,-1,-1,-1,-1,-1,-1,-1,-1,-1,-1,-1,-1,-1,-1,-1,-1,-1,-1,-1,-1,-1,-1,-1,-1,-1,-1,-1,-1,-1,-1,-1,-1,-1,-1,-1,-1,-1,-1,-1,-1,-1,-1,-1,-1,-1,-1,-1,-1,-1,-1,-1,-1,-1,-1,-1,-1,-1,-1,-1,-1,-1,-1,-1,-1,-1,-1,-1,-1,-1,-1,-1,-1,-1,-1,-1,-1,-1,-1,-1,-1,-1,-1,-1,-1,-1,-1,-1,-1,-1,-1,-1
378,263,148,188,11,116,29,241,313,234,303,46,338,138,182,348,327,82,64,114,39,220,41,386,109,304,61,43,200,351,112,22,9,123,237,306,222,59,196,293,140,180,208,272,412,104,217,87,139,37,10,400,88,368,7,215,204,63,15,103,233,197,214,339,286,391,256,353,60,28,299,205,113,377,32,342,49,335,345,246,255,14,69,409,248,89,149,170,150,207,90,163,210,191,127,133,50,382,67,74,108,174,264,17,365,347,352,319,121,280,26,128,252,95,383,381,314,250,194,271,341,379,102,141,99,62,86,315,91,369,285,239,84,71,244,40,1,157,254,349,165,260,243,171,186,101,166,35,155,12,147,389,291,184,83,376,245,333,294,25,373,77,236,262,33,70,105,405,175,317,176,226,36,325,366,57,209,362,225,394,332,117,406,268,189,177,290,120,356,230,193,100,274,284,398,125,164,160,-1,-1,-1,-1,-1,-1,-1,-1,-1,-1,-1,-1,-1,-1,-1,-1,-1,-1,-1,-1,-1,-1,-1,-1,-1,-1,-1,-1,-1,-1,-1,-1,-1,-1,-1,-1,-1,-1,-1,-1,-1,-1,-1,-1,-1,-1,-1,-1,-1,-1,-1,-1,-1,-1,-1,-1,-1,-1,-1,-1,-1,-1,-1,-1
290,177,193,120,193,125,230,274,356,160,164,82,64,114,220,39,41,386,109,112,123,306,8,399,304,22,59,222,293,140,180,139,208,104,37,217,87,18,10,368,400,88,183,272,267,26,128,252,250,314,141,270,95,383,381,194,271,341,99,62,315,244,91,40,1,369,165,285,239,260,157,243,28,299,205,49,342,113,335,345,409,14,32,377,69,246,248,89,150,207,90,127,163,210,191,133,17,50,365,347,67,74,108,280,319,352,-1,-1,-1,-1,-1,-1,-1,-1,-1,-1,-1,-1,-1,-1,-1,-1,-1,-1,-1,-1,-1,-1,-1,-1,-1,-1,-1,-1,-1,-1,-1,-1,-1,-1,-1,-1,-1,-1,-1,-1,-1,-1,-1,-1,-1,-1,-1,-1,-1,-1,-1,-1,-1,-1,-1,-1,-1,-1,-1,-1,-1,-1,-1,-1,-1,-1,-1,-1,-1,-1,-1,-1,-1,-1,-1,-1,-1,-1,-1,-1,-1,-1,-1,-1,-1,-1,-1,-1,-1,-1,-1,-1,-1,-1,-1,-1,-1,-1,-1,-1,-1,-1,-1,-1,-1,-1,-1,-1,-1,-1,-1,-1,-1,-1,-1,-1,-1,-1,-1,-1,-1,-1,-1,-1,-1,-1,-1,-1,-1,-1,-1,-1,-1,-1,-1,-1,-1,-1,-1,-1,-1,-1,-1,-1,-1,-1,-1,-1,-1,-1,-1,-1,-1,-1,-1,-1
268,189,177,230,290,193,120,356,160,125,284,274,398,164,82,64,114,351,39,220,41,386,109,304,61,112,222,200,59,22,196,237,123,306,140,180,208,139,37,104,272,88,368,400,87,217,10,143,321,238,266,154,142,119,223,16,158,324,269,44,26,128,270,383,141,95,314,252,250,271,341,194,381,99,62,244,369,315,91,285,165,243,260,157,1,40,239,171,186,101,35,155,12,389,147,166,294,25,376,245,333,83,373,77,236,262,70,317,176,33,175,405,105,117,144,406,226,366,225,266,321,143,216,31,214,7,215,204,233,63,103,15,353,60,339,286,391,28,299,205,113,49,345,335,342,246,89,248,377,32,14,409,69,150,207,90,127,163,133,191,210,382,50,118,227,365,352,319,17,108,74,280,67,-1,-1,-1,-1,-1,-1,-1,-1,-1,-1,-1,-1,-1,-1,-1,-1,-1,-1,-1,-1,-1,-1,-1,-1,-1,-1,-1,-1,-1,-1,-1,-1,-1,-1,-1,-1,-1,-1,-1,-1,-1,-1,-1,-1,-1,-1,-1,-1,-1,-1,-1,-1,-1,-1,-1,-1,-1,-1,-1,-1,-1,-1,-1,-1,-1,-1,-1,-1,-1,-1,-1,-1,-1,-1,-1,-1,-1,-1,-1,-1,-1,-1,-1,-1,-1,-1,-1,-1,-1
189,268,177,230,120,356,290,398,274,125,284,193,160,164,167,230,274,380,284,398,125,263,378,148,188,241,29,11,116,4,5,130,293,109,351,61,200,180,140,139,37,272,208,104,282,217,87,10,400,88,368,183,287,58,321,143,119,266,154,142,324,223,269,16,158,44,31,216,128,26,314,252,95,383,381,194,48,250,102,271,62,99,315,84,91,239,369,244,40,1,157,254,285,165,260,243,186,171,101,35,376,245,333,155,12,147,389,83,291,166,25,294,77,373,317,262,236,70,176,33,57,405,175,366,289,36,225,362,226,105,406,7,214,215,63,233,353,204,339,286,15,103,288,391,60,299,28,205,113,377,32,14,49,335,345,149,409,342,69,246,89,248,207,127,90,133,67,74,108,280,319,352,163,210,191,174,17,50,150,382,118,227,365,90,382,-1,-1,-1,-1,-1,-1,-1,-1,-1,-1,-1,-1,-1,-1,-1,-1,-1,-1,-1,-1,-1,-1,-1,-1,-1,-1,-1,-1,-1,-1,-1,-1,-1,-1,-1,-1,-1,-1,-1,-1,-1,-1,-1,-1,-1,-1,-1,-1,-1,-1,-1,-1,-1,-1,-1,-1,-1,-1,-1,-1,-1,-1,-1,-1,-1,-1,-1,-1,-1,-1,-1,-1,-1,-1,-1,-1,-1
378,263,316,148,188,29,11,5,116,4,241,130,82,64,112,351,61,304,237,222,39,109,200,59,41,306,386,293,114,22,220,123,140,180,208,272,104,139,37,10,217,87,400,183,88,368,214,7,215,204,233,63,15,103,391,304,109,386,112,351,61,39,200,114,353,197,137,339,286,251,391,28,299,205,49,255,342,113,335,345,246,89,377,32,248,14,409,149,170,69,120,356,177,193,188,148,241,316,208,272,104,139,398,-1,-1,-1,-1,-1,-1,-1,-1,-1,-1,-1,-1,-1,-1,-1,-1,-1,-1,-1,-1,-1,-1,-1,-1,-1,-1,-1,-1,-1,-1,-1,-1,-1,-1,-1,-1,-1,-1,-1,-1,-1,-1,-1,-1,-1,-1,-1,-1,-1,-1,-1,-1,-1,-1,-1,-1,-1,-1,-1,-1,-1,-1,-1,-1,-1,-1,-1,-1,-1,-1,-1,-1,-1,-1,-1,-1,-1,-1,-1,-1,-1,-1,-1,-1,-1,-1,-1,-1,-1,-1,-1,-1,-1,-1,-1,-1,-1,-1,-1,-1,-1,-1,-1,-1,-1,-1,-1,-1,-1,-1,-1,-1,-1,-1,-1,-1,-1,-1,-1,-1,-1,-1,-1,-1,-1,-1,-1,-1,-1,-1,-1,-1,-1,-1,-1,-1,-1,-1,-1,-1,-1,-1,-1,-1,-1,-1,-1,-1,-1,-1,-1,-1,-1,-1,-1,-1,-1,-1,-1
188,148,29,263,378,148,188,11,116,241,182,348,313,234,303,46,338,138,327,64,82,61,200,351,112,304,386,109,22,123,143,266,321,238,119,336,93,297,142,269,387,328,154,223,324,44,16,158,216,31,99,62,315,369,186,171,101,155,35,166,12,294,25,376,245,333,373,77,33,236,317,299,28,205,246,49,345,335,113,342,89,248,377,32,14,409,69,150,207,90,-1,-1,-1,-1,-1,-1,-1,-1,-1,-1,-1,-1,-1,-1,-1,-1,-1,-1,-1,-1,-1,-1,-1,-1,-1,-1,-1,-1,-1,-1,-1,-1,-1,-1,-1,-1,-1,-1,-1,-1,-1,-1,-1,-1,-1,-1,-1,-1,-1,-1,-1,-1,-1,-1,-1,-1,-1,-1,-1,-1,-1,-1,-1,-1,-1,-1,-1,-1,-1,-1,-1,-1,-1,-1,-1,-1,-1,-1,-1,-1,-1,-1,-1,-1,-1,-1,-1,-1,-1,-1,-1,-1,-1,-1,-1,-1,-1,-1,-1,-1,-1,-1,-1,-1,-1,-1,-1,-1,-1,-1,-1,-1,-1,-1,-1,-1,-1,-1,-1,-1,-1,-1,-1,-1,-1,-1,-1,-1,-1,-1,-1,-1,-1,-1,-1,-1,-1,-1,-1,-1,-1,-1,-1,-1,-1,-1,-1,-1,-1,-1,-1,-1,-1,-1,-1,-1,-1,-1,-1,-1,-1,-1,-1,-1,-1,-1,-1,-1,-1,-1,-1,-1
378,263,148,188,241,11,116,29,138,303,348,346,386,304,109,82,64,114,39,112,351,200,220,41,43,61,293,123,140,180,139,104,208,272,37,88,368,400,87,217,10,373,77,105,317,262,33,236,405,175,70,176,394,36,225,226,289,406,366,57,117,144,268,189,177,193,120,356,230,284,374,100,290,398,274,125,164,167,160,165,99,62,315,369,244,91,239,84,285,40,1,243,260,157,254,26,128,314,250,252,102,341,48,95,383,381,194,271,229,-1,-1,-1,-1,-1,-1,-1,-1,-1,-1,-1,-1,-1,-1,-1,-1,-1,-1,-1,-1,-1,-1,-1,-1,-1,-1,-1,-1,-1,-1,-1,-1,-1,-1,-1,-1,-1,-1,-1,-1,-1,-1,-1,-1,-1,-1,-1,-1,-1,-1,-1,-1,-1,-1,-1,-1,-1,-1,-1,-1,-1,-1,-1,-1,-1,-1,-1,-1,-1,-1,-1,-1,-1,-1,-1,-1,-1,-1,-1,-1,-1,-1,-1,-1,-1,-1,-1,-1,-1,-1,-1,-1,-1,-1,-1,-1,-1,-1,-1,-1,-1,-1,-1,-1,-1,-1,-1,-1,-1,-1,-1,-1,-1,-1,-1,-1,-1,-1,-1,-1,-1,-1,-1,-1,-1,-1,-1,-1,-1,-1,-1,-1,-1,-1,-1,-1,-1,-1,-1,-1,-1,-1,-1,-1,-1,-1,-1,-1,-1,-1,-1,-1,-1
263,378,148,11,188,148,64,82,114,180,140,208,139,37,104,321,143,119,238,266,62,315,244,99,91,239,84,71,86,186,171,101,35,245,376,333,299,205,28,113,377,32,49,14,207,90,163,290,169,120,177,230,153,160,40,1,369,165,285,91,239,260,265,86,315,86,91,239,84,71,243,157,207,150,127,133,50,365,347,352,280,17,191,210,67,74,108,319,193,177,230,398,100,125,284,160,274,164,-1,-1,-1,-1,-1,-1,-1,-1,-1,-1,-1,-1,-1,-1,-1,-1,-1,-1,-1,-1,-1,-1,-1,-1,-1,-1,-1,-1,-1,-1,-1,-1,-1,-1,-1,-1,-1,-1,-1,-1,-1,-1,-1,-1,-1,-1,-1,-1,-1,-1,-1,-1,-1,-1,-1,-1,-1,-1,-1,-1,-1,-1,-1,-1,-1,-1,-1,-1,-1,-1,-1,-1,-1,-1,-1,-1,-1,-1,-1,-1,-1,-1,-1,-1,-1,-1,-1,-1,-1,-1,-1,-1,-1,-1,-1,-1,-1,-1,-1,-1,-1,-1,-1,-1,-1,-1,-1,-1,-1,-1,-1,-1,-1,-1,-1,-1,-1,-1,-1,-1,-1,-1,-1,-1,-1,-1,-1,-1,-1,-1,-1,-1,-1,-1,-1,-1,-1,-1,-1,-1,-1,-1,-1,-1,-1,-1,-1,-1,-1,-1,-1,-1,-1,-1,-1,-1,-1,-1,-1,-1,-1,-1,-1,-1
378,263,148,188,140,180,208,139,37,143,321,119,238,266,154,142,324,269,44,223,93,96,16,158,216,31,26,128,250,252,270,383,141,95,314,194,271,341,381,229,99,62,315,86,369,91,285,244,165,243,260,157,40,1,239,171,186,101,155,35,12,147,389,166,294,25,376,245,333,83,373,77,262,33,317,236,70,405,175,176,105,117,144,406,226,366,225,214,7,215,63,204,15,103,391,233,353,60,339,286,28,299,205,113,49,409,246,342,89,248,377,32,14,345,335,69,150,207,90,127,50,133,163,17,191,210,365,347,280,319,352,108,74,67,-1,-1,-1,-1,-1,-1,-1,-1,-1,-1,-1,-1,-1,-1,-1,-1,-1,-1,-1,-1,-1,-1,-1,-1,-1,-1,-1,-1,-1,-1,-1,-1,-1,-1,-1,-1,-1,-1,-1,-1,-1,-1,-1,-1,-1,-1,-1,-1,-1,-1,-1,-1,-1,-1,-1,-1,-1,-1,-1,-1,-1,-1,-1,-1,-1,-1,-1,-1,-1,-1,-1,-1,-1,-1,-1,-1,-1,-1,-1,-1,-1,-1,-1,-1,-1,-1,-1,-1,-1,-1,-1,-1,-1,-1,-1,-1,-1,-1,-1,-1,-1,-1,-1,-1,-1,-1,-1,-1,-1,-1,-1,-1,-1,-1,-1,-1,-1,-1,-1,-1,-1,-1,-1,-1,-1,-1,-1,-1
268,189,177,356,120,230,290,193,160,125,274,380,284,398,164,214,7,215,204,233,63,353,60,339,286,391,15,103,28,299,205,342,113,49,246,377,32,345,409,89,248,14,335,69,150,207,90,163,127,133,280,319,352,191,210,17,382,50,118,227,365,67,74,108,139,378,263,148,11,188,116,29,107,241,182,2,415,346,313,234,82,64,114,39,386,304,220,41,112,61,351,222,200,109,59,22,196,43,237,123,306,143,321,119,387,142,269,154,297,223,324,44,96,16,93,158,26,128,252,270,141,383,95,314,229,250,341,194,271,381,99,62,369,315,86,91,285,244,165,84,243,260,157,254,40,1,239,171,186,155,101,35,12,147,389,83,166,371,53,309,291,25,376,245,333,-1,-1,-1,-1,-1,-1,-1,-1,-1,-1,-1,-1,-1,-1,-1,-1,-1,-1,-1,-1,-1,-1,-1,-1,-1,-1,-1,-1,-1,-1,-1,-1,-1,-1,-1,-1,-1,-1,-1,-1,-1,-1,-1,-1,-1,-1,-1,-1,-1,-1,-1,-1,-1,-1,-1,-1,-1,-1,-1,-1,-1,-1,-1,-1,-1,-1,-1,-1,-1,-1,-1,-1,-1,-1,-1,-1,-1,-1,-1,-1,-1,-1,-1,-1,-1,-1,-1,-1,-1,-1,-1,-1,-1,-1,-1,-1,-1
180,140,139,37,10,208,412,104,217,87,400,272,18,64,200,351,39,112,114,43,61,41,306,386,109,59,22,54,304,222,263,378,148,188,241,29,116,11,313,234,46,338,303,138,182,348,2,415,123,306,196,220,222,41,293,22,59,82,208,272,412,88,368,328,324,321,143,266,238,154,119,142,16,269,93,96,216,44,31,158,128,26,270,141,250,252,314,194,271,341,381,383,95,62,99,244,315,86,369,165,40,1,157,91,239,260,285,265,81,84,77,373,236,262,33,317,105,70,226,366,405,175,176,225,406,362,117,7,214,215,197,63,353,204,15,103,339,286,391,233,251,137,299,28,205,255,49,342,377,32,113,14,335,345,409,246,89,69,248,207,150,90,382,127,163,50,319,352,280,17,210,191,133,365,174,67,74,108,347,186,171,101,166,12,35,376,245,333,147,389,83,155,25,294,-1,-1,-1,-1,-1,-1,-1,-1,-1,-1,-1,-1,-1,-1,-1,-1,-1,-1,-1,-1,-1,-1,-1,-1,-1,-1,-1,-1,-1,-1,-1,-1,-1,-1,-1,-1,-1,-1,-1,-1,-1,-1,-1,-1,-1,-1,-1,-1,-1,-1,-1,-1,-1,-1,-1,-1,-1,-1,-1,-1,-1,-1,-1,-1,-1,-1,-1,-1
414,322,76,392,30,206,80,235,363,221,129,308,276,326,51,404,367,411,323,178,202,6,249,201,344,395,231,277,301,413,68,296,156,320,192,310,263,148,29,11,188,241,116,138,338,46,313,234,303,348,346,378,189,268,177,193,230,100,120,290,398,274,125,284,356,398,274,125,100,284,356,193,207,150,127,90,133,352,319,280,67,74,108,50,163,17,347,210,191,365,227,118,210,191,17,365,347,67,74,108,280,319,352,185,20,126,364,131,253,240,390,370,357,180,140,104,208,272,18,183,267,412,400,368,139,37,10,88,198,356,167,398,274,125,284,160,164,274,284,321,143,266,238,154,119,328,223,324,387,93,96,142,269,16,158,44,31,216,128,26,252,314,250,194,271,341,95,383,381,62,99,315,369,285,91,165,239,260,244,40,1,157,243,186,101,35,155,371,12,147,389,376,245,333,166,83,294,77,262,236,33,373,405,175,70,317,176,225,366,226,362,406,105,117,7,214,215,204,233,353,63,339,286,15,103,391,60,251,137,299,205,342,49,28,113,14,32,246,69,409,248,335,345,377,17,347,365,352,319,127,-1,-1,-1,-1,-1,-1,-1,-1,-1,-1,-1,-1
154,119,268,189,177,230,120,356,290,284,398,274,125,374,378,263,148,11,29,188,82,64,114,39,220,41,112,61,200,351,237,123,306,9,22,386,304,140,180,208,272,139,104,183,37,10,217,87,400,88,266,143,321,238,154,223,119,238,119,373,77,317,262,70,176,33,405,175,366,57,394,225,226,362,176,225,36,236,105,117,362,70,226,214,7,215,353,63,233,15,339,286,204,60,103,391,28,299,205,49,342,255,246,113,377,32,14,149,69,248,335,345,409,372,89,150,207,90,382,127,163,50,210,191,17,67,74,108,280,319,352,133,118,174,365,347,227,272,208,139,70,99,62,315,86,369,244,165,84,81,91,239,285,260,243,40,1,254,157,-1,-1,-1,-1,-1,-1,-1,-1,-1,-1,-1,-1,-1,-1,-1,-1,-1,-1,-1,-1,-1,-1,-1,-1,-1,-1,-1,-1,-1,-1,-1,-1,-1,-1,-1,-1,-1,-1,-1,-1,-1,-1,-1,-1,-1,-1,-1,-1,-1,-1,-1,-1,-1,-1,-1,-1,-1,-1,-1,-1,-1,-1,-1,-1,-1,-1,-1,-1,-1,-1,-1,-1,-1,-1,-1,-1,-1,-1,-1,-1,-1,-1,-1,-1,-1,-1,-1,-1,-1,-1,-1,-1,-1,-1,-1,-1,-1,-1,-1,-1,-1,-1,-1
268,189,177,120,356,193,230,290,398,274,125,284,160,164,169,263,148,188,11,116,29,241,138,303,348,346,107,313,234,46,338,182,327,64,82,114,39,112,220,41,386,304,109,293,306,123,22,59,222,196,180,140,139,37,208,104,272,10,400,88,368,217,87,321,143,266,238,154,93,297,119,336,142,16,269,216,223,324,158,328,96,132,145,44,31,128,252,270,26,141,381,314,383,95,250,194,271,341,48,45,102,62,86,315,99,91,369,285,40,244,1,84,71,265,157,165,239,260,254,349,81,186,101,166,155,35,12,389,147,291,184,83,376,245,333,294,25,77,373,317,176,262,33,175,405,57,209,366,236,70,226,36,325,105,225,362,406,117,7,214,215,233,63,339,286,391,197,251,353,103,15,137,204,299,205,113,377,32,14,49,149,170,409,255,246,295,342,89,345,335,92,28,248,69,3,365,280,319,352,347,-1,-1,-1,-1,-1,-1,-1,-1,-1,-1,-1,-1,-1,-1,-1,-1,-1,-1,-1,-1,-1,-1,-1,-1,-1,-1,-1,-1,-1,-1,-1,-1,-1,-1,-1,-1,-1,-1,-1,-1,-1,-1,-1,-1,-1,-1,-1,-1,-1,-1,-1,-1,-1,-1,-1,-1,-1,-1,-1,-1,-1,-1
356,398,100,274,193,120,160,125,284,164,64,82,200,114,39,386,304,112,220,41,61,351,22,222,109,59,237,43,196,123,306,9,54,293,180,140,139,37,272,10,208,104,88,400,368,87,217,321,266,238,142,119,154,223,16,324,269,158,44,216,31,128,270,26,141,250,252,383,95,341,194,314,381,271,62,99,315,91,369,285,244,40,1,165,157,84,243,260,239,186,171,101,155,35,12,147,389,371,83,166,53,333,245,309,25,376,294,77,373,262,70,105,317,176,33,405,175,236,366,117,144,226,406,225,7,214,215,204,233,353,63,15,103,391,60,339,286,299,28,205,113,246,342,49,335,345,409,69,89,377,32,14,248,207,150,127,133,90,163,210,191,17,50,347,365,280,319,352,108,74,67,-1,-1,-1,-1,-1,-1,-1,-1,-1,-1,-1,-1,-1,-1,-1,-1,-1,-1,-1,-1,-1,-1,-1,-1,-1,-1,-1,-1,-1,-1,-1,-1,-1,-1,-1,-1,-1,-1,-1,-1,-1,-1,-1,-1,-1,-1,-1,-1,-1,-1,-1,-1,-1,-1,-1,-1,-1,-1,-1,-1,-1,-1,-1,-1,-1,-1,-1,-1,-1,-1,-1,-1,-1,-1,-1,-1,-1,-1,-1,-1,-1,-1,-1,-1,-1,-1,-1,-1,-1,-1,-1
268,290,356,189,177,230,193,120,177,398,274,125,284,160,164,29,378,263,148,188,241,182,348,11,116,313,234,303,46,338,138,327,82,64,114,112,386,109,220,39,41,304,200,351,237,61,222,22,293,59,123,306,140,180,208,104,139,37,217,87,18,183,267,88,272,400,10,114,39,112,200,266,321,143,119,154,223,324,16,269,158,44,387,216,31,26,128,250,252,141,270,383,95,381,314,194,271,341,171,186,101,35,155,12,147,389,83,376,245,333,371,166,53,25,309,373,77,262,236,33,70,226,317,405,175,366,394,362,176,225,105,117,294,214,7,215,233,204,63,15,103,353,339,286,391,60,28,299,205,113,377,32,49,342,246,255,14,295,335,345,409,92,89,149,372,69,150,207,127,90,163,210,191,17,174,133,74,67,108,280,319,352,382,227,50,118,347,365,-1,-1,-1,-1,-1,-1,-1,-1,-1,-1,-1,-1,-1,-1,-1,-1,-1,-1,-1,-1,-1,-1,-1,-1,-1,-1,-1,-1,-1,-1,-1,-1,-1,-1,-1,-1,-1,-1,-1,-1,-1,-1,-1,-1,-1,-1,-1,-1,-1,-1,-1,-1,-1,-1,-1,-1,-1,-1,-1,-1,-1,-1,-1,-1,-1,-1,-1,-1,-1,-1,-1,-1,-1,-1
120,290,169,193,177,100,398,263,148,188,241,11,116,107,138,303,348,346,313,46,64,82,200,61,114,39,220,41,351,43,123,306,237,9,22,112,180,140,139,321,266,238,223,154,119,324,31,143,16,158,269,44,387,216,142,128,250,26,252,314,95,383,381,194,271,341,62,99,165,369,285,86,91,239,260,40,1,157,243,186,101,12,171,166,35,333,147,389,83,155,294,376,77,373,236,262,33,405,175,366,317,176,225,362,70,226,105,117,7,214,215,63,204,15,103,391,339,197,233,251,353,60,299,28,205,49,246,342,113,377,14,335,345,409,69,248,207,150,90,163,127,50,133,67,108,210,191,17,347,365,174,352,280,-1,-1,-1,-1,-1,-1,-1,-1,-1,-1,-1,-1,-1,-1,-1,-1,-1,-1,-1,-1,-1,-1,-1,-1,-1,-1,-1,-1,-1,-1,-1,-1,-1,-1,-1,-1,-1,-1,-1,-1,-1,-1,-1,-1,-1,-1,-1,-1,-1,-1,-1,-1,-1,-1,-1,-1,-1,-1,-1,-1,-1,-1,-1,-1,-1,-1,-1,-1,-1,-1,-1,-1,-1,-1,-1,-1,-1,-1,-1,-1,-1,-1,-1,-1,-1,-1,-1,-1,-1,-1,-1,-1,-1,-1,-1,-1,-1,-1,-1,-1,-1,-1,-1,-1,-1,-1,-1,-1,-1
177,268,189,169,193,140,180,139,37,208,272,412,183,104,217,87,400,10,88,112,222,237,200,59,293,22,88,400,10,368,99,62,244,315,369,86,285,165,260,91,239,40,1,84,243,157,171,186,101,166,12,155,35,147,389,376,245,333,294,83,373,77,236,317,33,262,105,176,70,226,406,117,405,175,366,144,225,214,7,215,63,353,197,233,204,15,103,339,286,60,391,28,299,205,49,255,342,246,113,335,345,409,377,32,14,295,89,248,150,207,90,127,382,163,50,133,67,74,108,210,191,17,347,227,118,365,280,319,352,-1,-1,-1,-1,-1,-1,-1,-1,-1,-1,-1,-1,-1,-1,-1,-1,-1,-1,-1,-1,-1,-1,-1,-1,-1,-1,-1,-1,-1,-1,-1,-1,-1,-1,-1,-1,-1,-1,-1,-1,-1,-1,-1,-1,-1,-1,-1,-1,-1,-1,-1,-1,-1,-1,-1,-1,-1,-1,-1,-1,-1,-1,-1,-1,-1,-1,-1,-1,-1,-1,-1,-1,-1,-1,-1,-1,-1,-1,-1,-1,-1,-1,-1,-1,-1,-1,-1,-1,-1,-1,-1,-1,-1,-1,-1,-1,-1,-1,-1,-1,-1,-1,-1,-1,-1,-1,-1,-1,-1,-1,-1,-1,-1,-1,-1,-1,-1,-1,-1,-1,-1,-1,-1,-1,-1,-1,-1,-1,-1,-1,-1,-1,-1
189,268,356,177,193,120,290,230,398,274,125,284,356,120,230,193,398,274,125,284,100,374,160,164,263,378,148,11,313,234,303,29,188,116,46,338,138,241,182,348,327,180,139,140,208,272,412,37,10,104,217,87,400,88,368,321,128,62,99,186,171,77,373,266,143,26,119,142,269,154,324,328,44,223,16,158,216,31,314,252,95,383,381,194,48,45,250,271,369,315,91,239,84,71,285,165,260,244,40,1,157,243,101,35,376,245,333,155,12,147,389,83,166,25,294,262,317,176,225,105,236,70,226,33,405,175,366,362,117,7,214,215,204,339,286,233,63,15,103,391,353,60,299,28,205,113,377,32,246,14,342,49,335,345,409,69,248,89,207,150,90,127,133,67,74,108,163,210,191,17,50,382,118,227,365,352,319,280,-1,-1,-1,-1,-1,-1,-1,-1,-1,-1,-1,-1,-1,-1,-1,-1,-1,-1,-1,-1,-1,-1,-1,-1,-1,-1,-1,-1,-1,-1,-1,-1,-1,-1,-1,-1,-1,-1,-1,-1,-1,-1,-1,-1,-1,-1,-1,-1,-1,-1,-1,-1,-1,-1,-1,-1,-1,-1,-1,-1,-1,-1,-1,-1,-1,-1,-1,-1,-1,-1,-1,-1,-1,-1,-1,-1,-1,-1,-1,-1,-1,-1,-1,-1
189,177,230,268,120,169,398,230,274,125,284,356,290,193,99,62,244,315,86,369,165,285,260,91,239,40,1,84,243,157,171,186,101,166,12,35,147,389,376,245,333,179,155,294,83,373,77,236,262,33,105,317,176,70,226,406,117,405,175,366,144,225,214,7,215,233,353,63,197,204,15,103,339,286,60,391,28,299,205,49,246,255,342,113,335,345,409,377,32,295,69,248,14,89,-1,-1,-1,-1,-1,-1,-1,-1,-1,-1,-1,-1,-1,-1,-1,-1,-1,-1,-1,-1,-1,-1,-1,-1,-1,-1,-1,-1,-1,-1,-1,-1,-1,-1,-1,-1,-1,-1,-1,-1,-1,-1,-1,-1,-1,-1,-1,-1,-1,-1,-1,-1,-1,-1,-1,-1,-1,-1,-1,-1,-1,-1,-1,-1,-1,-1,-1,-1,-1,-1,-1,-1,-1,-1,-1,-1,-1,-1,-1,-1,-1,-1,-1,-1,-1,-1,-1,-1,-1,-1,-1,-1,-1,-1,-1,-1,-1,-1,-1,-1,-1,-1,-1,-1,-1,-1,-1,-1,-1,-1,-1,-1,-1,-1,-1,-1,-1,-1,-1,-1,-1,-1,-1,-1,-1,-1,-1,-1,-1,-1,-1,-1,-1,-1,-1,-1,-1,-1,-1,-1,-1,-1,-1,-1,-1,-1,-1,-1,-1,-1,-1,-1,-1,-1,-1,-1,-1,-1,-1,-1,-1,-1,-1,-1,-1,-1,-1,-1
378,263,148,29,188,82,64,11,188,241,116,138,303,348,346,266,321,238,143,119,154,314,26,128,252,270,383,141,95,250,271,341,194,381,373,77,317,262,70,176,236,33,405,175,150,207,-1,-1,-1,-1,-1,-1,-1,-1,-1,-1,-1,-1,-1,-1,-1,-1,-1,-1,-1,-1,-1,-1,-1,-1,-1,-1,-1,-1,-1,-1,-1,-1,-1,-1,-1,-1,-1,-1,-1,-1,-1,-1,-1,-1,-1,-1,-1,-1,-1,-1,-1,-1,-1,-1,-1,-1,-1,-1,-1,-1,-1,-1,-1,-1,-1,-1,-1,-1,-1,-1,-1,-1,-1,-1,-1,-1,-1,-1,-1,-1,-1,-1,-1,-1,-1,-1,-1,-1,-1,-1,-1,-1,-1,-1,-1,-1,-1,-1,-1,-1,-1,-1,-1,-1,-1,-1,-1,-1,-1,-1,-1,-1,-1,-1,-1,-1,-1,-1,-1,-1,-1,-1,-1,-1,-1,-1,-1,-1,-1,-1,-1,-1,-1,-1,-1,-1,-1,-1,-1,-1,-1,-1,-1,-1,-1,-1,-1,-1,-1,-1,-1,-1,-1,-1,-1,-1,-1,-1,-1,-1,-1,-1,-1,-1,-1,-1,-1,-1,-1,-1,-1,-1,-1,-1,-1,-1,-1,-1,-1,-1,-1,-1,-1,-1,-1,-1,-1,-1,-1,-1,-1,-1,-1,-1,-1,-1,-1,-1,-1,-1,-1,-1,-1,-1,-1,-1,-1,-1,-1,-1,-1,-1,-1,-1,-1,-1
268,189,177,230,274,193,290,120,398,125,356,100,160,125,284,164,378,263,148,188,11,116,29,313,234,303,46,338,138,241,182,348,327,82,64,114,220,123,39,41,306,304,386,109,112,196,61,351,222,200,293,59,22,237,140,180,272,412,139,37,58,10,208,368,104,87,400,18,88,267,217,183,143,266,321,238,154,119,324,266,142,269,223,16,158,31,44,216,26,128,314,252,95,383,381,229,250,194,271,341,99,62,315,91,369,244,40,1,165,285,239,260,157,84,243,171,186,155,101,35,166,12,147,389,376,245,333,291,83,25,294,373,77,317,176,262,70,236,33,405,175,366,226,105,117,362,406,225,214,7,215,204,233,63,15,103,353,60,339,286,391,28,299,205,113,342,49,335,345,246,248,69,409,14,32,89,149,377,150,207,90,127,133,163,210,191,17,352,319,50,347,108,74,67,174,365,280,-1,-1,-1,-1,-1,-1,-1,-1,-1,-1,-1,-1,-1,-1,-1,-1,-1,-1,-1,-1,-1,-1,-1,-1,-1,-1,-1,-1,-1,-1,-1,-1,-1,-1,-1,-1,-1,-1,-1,-1,-1,-1,-1,-1,-1,-1,-1,-1,-1,-1,-1,-1,-1,-1,-1,-1,-1,-1,-1,-1,-1,-1,-1,-1,-1
268,120,356,177,193,230,100,290,398,274,125,100,189,284,356,177,374,160,64,82,114,39,112,8,399,79,220,123,41,306,386,109,200,22,237,351,304,222,59,54,293,9,196,61,139,140,208,37,104,180,58,10,282,272,87,400,88,183,217,368,321,143,266,238,119,154,223,324,16,142,269,44,158,31,216,62,99,315,165,91,239,1,157,84,81,244,369,86,285,260,243,77,373,236,262,33,405,369,1,157,84,81,40,244,243,254,239,147,12,371,33,405,105,70,226,36,317,214,7,233,15,215,353,204,339,286,103,391,60,63,150,90,127,163,210,191,17,163,207,210,191,17,133,67,74,108,50,382,174,118,365,347,227,280,319,352,128,252,59,22,104,87,400,10,88,315,86,84,81,243,12,389,83,294,33,175,366,166,117,317,176,225,362,90,369,315,86,244,-1,-1,-1,-1,-1,-1,-1,-1,-1,-1,-1,-1,-1,-1,-1,-1,-1,-1,-1,-1,-1,-1,-1,-1,-1,-1,-1,-1,-1,-1,-1,-1,-1,-1,-1,-1,-1,-1,-1,-1,-1,-1,-1,-1,-1,-1,-1,-1,-1,-1,-1,-1,-1,-1,-1,-1,-1,-1,-1,-1,-1,-1,-1,-1,-1,-1,-1,-1,-1,-1,-1,-1,-1,-1
268,189,177,230,356,290,120,169,193,125,374,284,398,274,160,290,29,107,378,263,148,11,188,116,241,313,234,303,46,338,138,182,348,346,82,64,114,39,112,386,304,9,54,220,41,123,306,8,302,399,283,351,114,200,351,18,10,400,88,272,267,321,266,143,119,328,336,305,269,16,387,142,154,119,373,77,317,262,70,176,36,226,105,394,225,28,299,205,342,246,255,113,14,32,49,335,345,409,244,40,1,157,81,84,71,260,254,239,349,243,33,175,405,366,144,262,236,144,117,149,170,377,32,89,205,255,295,248,69,324,328,132,238,336,269,93,96,145,72,122,44,31,150,207,90,127,133,67,74,108,163,50,347,365,280,319,352,17,210,191,-1,-1,-1,-1,-1,-1,-1,-1,-1,-1,-1,-1,-1,-1,-1,-1,-1,-1,-1,-1,-1,-1,-1,-1,-1,-1,-1,-1,-1,-1,-1,-1,-1,-1,-1,-1,-1,-1,-1,-1,-1,-1,-1,-1,-1,-1,-1,-1,-1,-1,-1,-1,-1,-1,-1,-1,-1,-1,-1,-1,-1,-1,-1,-1,-1,-1,-1,-1,-1,-1,-1,-1,-1,-1,-1,-1,-1,-1,-1,-1,-1,-1,-1,-1,-1,-1,-1,-1,-1,-1,-1,-1,-1,-1,-1,-1,-1,-1,-1,-1,-1,-1
268,189,290,177,193,120,230,398,274,125,284,193,100,356,160,164,378,263,148,11,29,188,116,241,182,46,338,313,234,138,303,348,327,82,64,114,39,112,61,200,351,386,304,220,41,140,180,104,217,87,208,272,183,400,139,37,10,88,368,266,143,321,119,154,132,142,269,223,16,93,96,328,324,145,72,122,31,44,216,26,128,250,314,252,95,383,381,194,271,341,99,62,315,91,244,40,1,84,71,157,86,239,165,369,285,260,243,171,186,101,12,155,35,376,245,333,291,184,83,147,389,166,25,294,117,406,70,226,176,225,405,175,366,144,214,7,215,204,233,339,286,353,63,60,15,103,391,28,299,205,113,377,32,14,342,49,335,345,409,246,69,248,89,150,207,90,127,133,163,210,191,108,74,67,17,352,319,280,50,347,365,108,210,191,17,352,347,133,67,280,-1,-1,-1,-1,-1,-1,-1,-1,-1,-1,-1,-1,-1,-1,-1,-1,-1,-1,-1,-1,-1,-1,-1,-1,-1,-1,-1,-1,-1,-1,-1,-1,-1,-1,-1,-1,-1,-1,-1,-1,-1,-1,-1,-1,-1,-1,-1,-1,-1,-1,-1,-1,-1,-1,-1,-1,-1,-1,-1,-1,-1,-1,-1,-1,-1,-1,-1,-1,-1,-1,-1,-1
189,268,120,177,230,356,120,177,193,189,268,230,100,290,356,160,164,274,284,398,125,263,29,148,188,378,11,116,241,138,303,348,346,313,234,46,338,182,2,415,64,82,114,112,39,123,306,196,386,109,220,41,304,22,59,222,351,293,200,180,140,139,208,272,104,217,87,10,400,88,368,412,37,321,143,266,238,154,16,269,119,223,142,328,93,96,216,44,31,158,324,62,99,86,315,244,40,1,157,91,239,369,77,373,262,236,317,70,226,33,366,405,175,105,176,225,144,406,362,207,150,90,127,50,382,319,280,352,163,210,191,17,225,362,226,117,366,406,33,89,69,248,382,133,365,280,319,17,210,191,174,67,74,108,347,86,265,157,81,84,93,96,328,324,197,255,205,382,-1,-1,-1,-1,-1,-1,-1,-1,-1,-1,-1,-1,-1,-1,-1,-1,-1,-1,-1,-1,-1,-1,-1,-1,-1,-1,-1,-1,-1,-1,-1,-1,-1,-1,-1,-1,-1,-1,-1,-1,-1,-1,-1,-1,-1,-1,-1,-1,-1,-1,-1,-1,-1,-1,-1,-1,-1,-1,-1,-1,-1,-1,-1,-1,-1,-1,-1,-1,-1,-1,-1,-1,-1,-1,-1,-1,-1,-1,-1,-1,-1,-1,-1,-1,-1,-1,-1,-1,-1,-1,-1,-1,-1,-1
82,64,114,39,112,220,123,8,41,306,399,304,386,109,196,79,61,200,351,43,222,140,180,208,139,37,10,58,272,412,183,104,217,87,400,88,368,59,22,237,293,356,160,284,164,143,321,238,154,119,142,269,266,324,44,223,216,158,16,31,99,62,315,369,244,91,239,285,40,1,157,86,265,165,84,243,81,86,260,254,315,84,81,171,186,101,155,35,376,245,333,166,12,147,389,291,83,294,25,373,77,105,317,176,225,394,262,70,226,36,236,33,405,175,366,57,362,117,214,7,215,233,204,339,286,353,63,15,103,391,197,137,60,150,207,90,163,382,254,84,28,205,49,342,246,113,377,32,14,149,335,345,409,89,248,69,-1,-1,-1,-1,-1,-1,-1,-1,-1,-1,-1,-1,-1,-1,-1,-1,-1,-1,-1,-1,-1,-1,-1,-1,-1,-1,-1,-1,-1,-1,-1,-1,-1,-1,-1,-1,-1,-1,-1,-1,-1,-1,-1,-1,-1,-1,-1,-1,-1,-1,-1,-1,-1,-1,-1,-1,-1,-1,-1,-1,-1,-1,-1,-1,-1,-1,-1,-1,-1,-1,-1,-1,-1,-1,-1,-1,-1,-1,-1,-1,-1,-1,-1,-1,-1,-1,-1,-1,-1,-1,-1,-1,-1,-1,-1,-1,-1,-1,-1,-1,-1,-1,-1,-1,-1,-1
268,189,177,193,120,230,378,263,148,188,241,29,107,11,116,138,303,348,346,313,234,303,46,338,138,182,348,61,200,351,43,109,123,8,302,306,399,196,22,222,200,59,54,293,140,180,208,272,139,104,37,412,217,87,400,10,88,183,10,217,87,400,37,88,368,143,238,119,16,93,297,336,26,128,250,252,314,141,270,383,95,252,250,271,229,194,381,99,62,315,91,369,285,244,165,40,1,157,243,260,239,84,373,77,317,262,236,70,33,105,176,117,366,70,226,144,406,175,405,225,171,186,101,166,12,35,155,376,245,333,389,147,291,83,294,25,214,7,215,204,353,233,63,103,15,197,391,339,286,137,251,28,299,205,49,113,255,342,69,14,32,345,335,409,246,295,89,73,372,377,150,207,90,163,127,382,191,210,133,108,74,17,50,118,227,365,67,352,319,280,290,169,100,398,284,274,125,-1,-1,-1,-1,-1,-1,-1,-1,-1,-1,-1,-1,-1,-1,-1,-1,-1,-1,-1,-1,-1,-1,-1,-1,-1,-1,-1,-1,-1,-1,-1,-1,-1,-1,-1,-1,-1,-1,-1,-1,-1,-1,-1,-1,-1,-1,-1,-1,-1,-1,-1,-1,-1,-1,-1,-1,-1,-1,-1,-1,-1,-1,-1,-1,-1
268,189,177,193,230,290,100,120,398,274,125,284,356,160,164,378,263,148,188,241,29,11,116,138,303,348,346,140,180,139,37,104,217,87,208,18,10,400,88,368,272,88,368,10,143,266,238,26,128,252,250,95,383,381,314,194,271,341,99,62,315,369,244,91,285,40,1,165,84,239,260,157,243,254,171,186,101,35,155,12,147,389,291,83,166,376,245,333,25,294,373,77,236,262,317,33,70,176,405,175,394,57,36,226,225,366,105,289,144,117,406,214,7,215,233,204,339,286,63,353,15,103,391,60,28,299,205,49,342,113,335,345,149,409,69,377,32,14,246,89,248,150,207,90,163,127,133,67,74,108,210,191,17,174,50,347,365,382,118,227,280,319,352,-1,-1,-1,-1,-1,-1,-1,-1,-1,-1,-1,-1,-1,-1,-1,-1,-1,-1,-1,-1,-1,-1,-1,-1,-1,-1,-1,-1,-1,-1,-1,-1,-1,-1,-1,-1,-1,-1,-1,-1,-1,-1,-1,-1,-1,-1,-1,-1,-1,-1,-1,-1,-1,-1,-1,-1,-1,-1,-1,-1,-1,-1,-1,-1,-1,-1,-1,-1,-1,-1,-1,-1,-1,-1,-1,-1,-1,-1,-1,-1,-1,-1,-1,-1,-1,-1,-1,-1,-1,-1,-1,-1,-1,-1,-1,-1,-1,-1,-1
120,356,268,189,177,230,290,193,125,160,274,284,398,164,169,263,386,109,304,61,351,222,200,59,22,196,237,123,306,180,140,208,104,217,87,139,37,272,88,368,400,10,183,321,143,266,238,154,119,142,305,223,324,269,44,16,158,216,31,128,314,250,26,270,141,383,95,252,271,341,194,381,186,371,12,147,389,83,101,171,155,35,333,245,53,166,309,25,376,77,373,236,33,405,175,366,317,176,262,70,105,226,117,144,406,225,7,214,215,233,353,204,339,286,63,15,103,391,60,299,28,205,342,113,377,32,246,49,335,345,409,14,255,89,248,69,207,150,90,127,67,74,108,133,163,210,191,17,382,50,118,227,365,352,319,280,-1,-1,-1,-1,-1,-1,-1,-1,-1,-1,-1,-1,-1,-1,-1,-1,-1,-1,-1,-1,-1,-1,-1,-1,-1,-1,-1,-1,-1,-1,-1,-1,-1,-1,-1,-1,-1,-1,-1,-1,-1,-1,-1,-1,-1,-1,-1,-1,-1,-1,-1,-1,-1,-1,-1,-1,-1,-1,-1,-1,-1,-1,-1,-1,-1,-1,-1,-1,-1,-1,-1,-1,-1,-1,-1,-1,-1,-1,-1,-1,-1,-1,-1,-1,-1,-1,-1,-1,-1,-1,-1,-1,-1,-1,-1,-1,-1,-1,-1,-1,-1,-1,-1,-1,-1,-1
120,356,193,177,169,125,374,398,160,230,274,284,82,64,114,39,304,61,359,190,200,351,9,220,123,22,237,54,140,180,208,272,139,37,61,112,386,293,59,41,306,222,237,104,217,87,400,88,26,128,314,252,270,383,141,95,381,250,194,271,341,238,154,119,142,328,223,324,145,31,132,269,44,93,96,72,122,16,216,236,262,373,77,317,176,70,225,226,406,105,84,243,101,12,83,179,147,389,166,33,405,175,366,362,117,166,294,214,215,204,233,353,63,197,7,15,103,391,339,286,251,137,150,207,90,382,127,163,50,280,319,67,74,210,191,17,174,264,108,133,365,347,352,315,-1,-1,-1,-1,-1,-1,-1,-1,-1,-1,-1,-1,-1,-1,-1,-1,-1,-1,-1,-1,-1,-1,-1,-1,-1,-1,-1,-1,-1,-1,-1,-1,-1,-1,-1,-1,-1,-1,-1,-1,-1,-1,-1,-1,-1,-1,-1,-1,-1,-1,-1,-1,-1,-1,-1,-1,-1,-1,-1,-1,-1,-1,-1,-1,-1,-1,-1,-1,-1,-1,-1,-1,-1,-1,-1,-1,-1,-1,-1,-1,-1,-1,-1,-1,-1,-1,-1,-1,-1,-1,-1,-1,-1,-1,-1,-1,-1,-1,-1,-1,-1,-1,-1,-1,-1,-1,-1,-1,-1,-1,-1,-1,-1,-1,-1,-1,-1,-1
378,263,148,188,11,116,241,29,138,303,348,346,82,64,200,351,61,114,39,220,41,9,386,304,112,222,109,59,22,196,237,123,306,54,293,140,180,208,139,18,272,37,104,88,368,400,87,217,10,143,321,266,238,142,154,119,305,336,297,223,132,324,269,44,16,158,216,31,26,128,314,252,270,141,383,141,95,250,252,381,194,271,341,99,62,315,369,91,86,369,285,244,265,165,157,81,260,84,1,40,239,171,186,371,155,166,101,35,179,12,389,147,294,25,376,245,333,83,373,77,105,317,33,262,70,176,236,117,144,406,226,366,175,405,225,214,7,215,233,63,103,15,204,256,353,60,339,286,391,150,207,127,163,191,210,17,133,90,382,50,118,227,365,352,319,280,108,74,67,-1,-1,-1,-1,-1,-1,-1,-1,-1,-1,-1,-1,-1,-1,-1,-1,-1,-1,-1,-1,-1,-1,-1,-1,-1,-1,-1,-1,-1,-1,-1,-1,-1,-1,-1,-1,-1,-1,-1,-1,-1,-1,-1,-1,-1,-1,-1,-1,-1,-1,-1,-1,-1,-1,-1,-1,-1,-1,-1,-1,-1,-1,-1,-1,-1,-1,-1,-1,-1,-1,-1,-1,-1,-1,-1,-1,-1,-1,-1,-1,-1,-1,-1,-1,-1,-1,-1,-1,-1,-1,-1,-1,-1
109,200,304,54,293,306,123,22,59,222,196,9,140,180,208,139,37,18,104,400,88,217,87,58,10,208,272,140,88,368,139,400,10,26,250,252,128,95,383,381,194,314,271,341,48,102,229,99,315,91,369,244,40,1,157,86,62,239,84,285,165,243,254,260,171,101,186,155,35,376,245,333,12,147,389,83,291,166,25,294,33,405,175,366,236,105,144,289,142,269,16,238,305,223,324,216,158,44,387,328,31,297,336,117,144,362,150,207,90,127,133,280,319,352,50,163,210,191,17,174,347,382,402,118,365,347,67,74,108,93,96,238,387,-1,-1,-1,-1,-1,-1,-1,-1,-1,-1,-1,-1,-1,-1,-1,-1,-1,-1,-1,-1,-1,-1,-1,-1,-1,-1,-1,-1,-1,-1,-1,-1,-1,-1,-1,-1,-1,-1,-1,-1,-1,-1,-1,-1,-1,-1,-1,-1,-1,-1,-1,-1,-1,-1,-1,-1,-1,-1,-1,-1,-1,-1,-1,-1,-1,-1,-1,-1,-1,-1,-1,-1,-1,-1,-1,-1,-1,-1,-1,-1,-1,-1,-1,-1,-1,-1,-1,-1,-1,-1,-1,-1,-1,-1,-1,-1,-1,-1,-1,-1,-1,-1,-1,-1,-1,-1,-1,-1,-1,-1,-1,-1,-1,-1,-1,-1,-1,-1,-1,-1,-1,-1,-1,-1,-1,-1,-1,-1,-1
290,268,189,356,120,177,230,284,398,274,125,374,193,160,167,164,356,378,263,29,148,188,241,11,116,313,234,303,46,338,138,182,348,327,82,64,386,109,200,351,114,39,220,123,8,41,306,399,112,196,304,79,61,43,293,140,180,139,104,208,272,217,87,37,282,368,412,10,400,88,183,266,321,238,154,223,238,154,305,269,223,132,93,72,122,328,142,96,324,119,44,297,145,31,16,216,26,252,26,141,270,95,383,381,194,271,341,48,102,229,62,99,369,315,91,285,244,40,1,157,254,165,260,239,84,243,77,373,236,33,262,405,175,57,366,70,317,176,105,36,394,362,225,226,394,405,175,366,176,225,362,7,214,215,233,353,63,15,103,391,60,339,286,197,204,256,299,28,205,113,342,49,335,345,14,32,377,246,69,255,372,92,248,295,89,207,127,90,133,352,319,280,67,74,108,50,365,382,163,210,191,17,227,347,362,-1,-1,-1,-1,-1,-1,-1,-1,-1,-1,-1,-1,-1,-1,-1,-1,-1,-1,-1,-1,-1,-1,-1,-1,-1,-1,-1,-1,-1,-1,-1,-1,-1,-1,-1,-1,-1,-1,-1,-1,-1,-1,-1,-1,-1,-1,-1,-1,-1,-1,-1,-1,-1,-1,-1,-1,-1
268,189,120,177,290,193,230,356,164,398,274,125,100,160,169,263,378,188,148,241,29,11,116,182,348,46,338,138,313,234,303,327,64,82,61,200,351,114,39,112,386,109,304,293,22,220,237,123,41,306,222,59,180,140,139,37,10,58,208,368,282,104,217,87,400,287,272,183,88,321,238,387,266,143,119,305,77,236,33,317,299,28,205,113,377,32,342,223,324,154,142,16,269,158,44,216,31,270,383,250,271,102,381,194,315,91,239,84,369,285,244,40,1,157,254,165,260,243,105,262,70,226,36,366,405,175,57,317,373,176,225,394,362,117,289,342,49,335,345,409,149,246,255,342,89,149,248,377,32,14,69,207,150,127,90,133,352,319,280,163,210,191,17,174,50,347,74,67,365,-1,-1,-1,-1,-1,-1,-1,-1,-1,-1,-1,-1,-1,-1,-1,-1,-1,-1,-1,-1,-1,-1,-1,-1,-1,-1,-1,-1,-1,-1,-1,-1,-1,-1,-1,-1,-1,-1,-1,-1,-1,-1,-1,-1,-1,-1,-1,-1,-1,-1,-1,-1,-1,-1,-1,-1,-1,-1,-1,-1,-1,-1,-1,-1,-1,-1,-1,-1,-1,-1,-1,-1,-1,-1,-1,-1,-1,-1,-1,-1,-1,-1,-1,-1,-1,-1,-1,-1,-1,-1,-1,-1,-1
268,189,177,290,120,230,398,274,125,284,356,193,100,160,378,316,263,148,29,11,188,116,313,234,46,338,241,182,2,415,82,64,114,220,39,41,112,123,306,304,386,109,293,22,59,222,140,180,208,104,217,87,139,37,18,400,10,272,88,368,183,266,321,238,154,119,142,269,16,328,132,223,324,93,96,145,31,44,158,216,128,270,141,250,314,383,95,381,194,271,341,165,99,62,315,369,86,285,91,239,260,244,40,1,157,243,373,77,236,262,317,176,394,332,70,225,226,33,405,175,366,362,406,105,144,117,7,214,215,204,339,286,233,63,15,103,391,353,60,299,28,205,113,377,32,49,246,14,342,69,3,409,248,335,345,149,170,89,207,150,127,133,163,210,191,90,67,74,50,108,17,365,347,280,319,352,-1,-1,-1,-1,-1,-1,-1,-1,-1,-1,-1,-1,-1,-1,-1,-1,-1,-1,-1,-1,-1,-1,-1,-1,-1,-1,-1,-1,-1,-1,-1,-1,-1,-1,-1,-1,-1,-1,-1,-1,-1,-1,-1,-1,-1,-1,-1,-1,-1,-1,-1,-1,-1,-1,-1,-1,-1,-1,-1,-1,-1,-1,-1,-1,-1,-1,-1,-1,-1,-1,-1,-1,-1,-1,-1,-1,-1,-1,-1,-1,-1,-1,-1,-1,-1,-1
268,189,177,290,230,274,120,398,125,356,160,378,316,148,29,241,188,11,5,116,4,130,304,386,109,293,82,64,114,39,220,41,112,306,123,22,59,222,196,351,200,18,140,180,208,104,217,87,139,37,10,400,88,368,272,88,183,267,87,400,172,318,329,0,212,407,403,337,159,146,360,247,314,26,128,252,250,141,95,270,383,381,194,271,341,165,99,62,315,91,244,369,285,239,260,1,157,84,71,243,40,171,186,101,12,35,376,245,333,147,389,83,155,371,166,294,291,184,25,373,77,236,262,70,226,317,176,33,405,175,366,406,225,362,105,117,143,266,321,238,154,119,142,269,328,93,96,145,72,122,44,31,324,16,216,214,7,215,63,233,204,353,339,286,391,60,15,103,28,299,205,49,335,345,409,342,69,3,113,14,32,377,246,248,89,149,150,207,127,133,108,74,67,163,17,90,280,319,352,210,191,50,347,365,-1,-1,-1,-1,-1,-1,-1,-1,-1,-1,-1,-1,-1,-1,-1,-1,-1,-1,-1,-1,-1,-1,-1,-1,-1,-1,-1,-1,-1,-1,-1,-1,-1,-1,-1,-1,-1,-1,-1,-1,-1,-1,-1,-1,-1,-1,-1,-1,-1,-1,-1,-1,-1,-1,-1,-1,-1,-1
268,189,120,177,193,230,100,290,398,274,125,284,356,160,164,167,378,263,29,148,188,241,11,116,182,2,415,346,348,313,234,303,46,338,138,82,64,114,39,112,220,41,386,109,304,61,351,222,200,59,22,196,123,306,237,293,140,180,139,37,104,400,287,58,10,208,272,412,217,18,267,88,183,143,321,266,238,387,142,119,154,223,324,269,44,16,158,216,31,26,128,250,252,314,270,383,141,95,271,341,194,381,171,186,101,155,147,12,83,389,35,371,166,53,309,25,376,245,333,373,77,236,262,317,176,70,405,33,175,366,105,117,36,289,226,406,144,225,214,7,215,204,233,63,15,103,391,288,353,60,339,286,28,299,205,113,377,32,246,335,49,345,409,149,342,69,89,248,14,150,207,90,127,133,67,74,163,210,191,17,174,50,347,365,111,280,319,352,108,-1,-1,-1,-1,-1,-1,-1,-1,-1,-1,-1,-1,-1,-1,-1,-1,-1,-1,-1,-1,-1,-1,-1,-1,-1,-1,-1,-1,-1,-1,-1,-1,-1,-1,-1,-1,-1,-1,-1,-1,-1,-1,-1,-1,-1,-1,-1,-1,-1,-1,-1,-1,-1,-1,-1,-1,-1,-1,-1,-1,-1,-1,-1,-1,-1,-1,-1,-1,-1,-1,-1,-1,-1
268,189,177,290,356,230,169,120,193,378,263,148,11,29,188,116,241,138,303,348,346,313,234,46,338,415,2,182,293,41,61,43,200,351,180,140,139,104,272,37,217,87,208,18,412,10,400,88,368,26,128,252,250,314,95,383,381,194,271,341,99,62,315,244,369,40,1,91,84,71,239,315,86,369,285,40,1,157,165,243,239,260,171,186,155,101,35,376,245,333,12,147,389,83,166,294,373,77,33,405,175,236,262,317,176,225,70,226,289,105,366,144,36,117,214,7,215,63,233,15,103,391,204,353,60,339,286,150,207,127,90,382,133,163,210,191,17,108,74,50,118,227,174,365,352,319,280,67,-1,-1,-1,-1,-1,-1,-1,-1,-1,-1,-1,-1,-1,-1,-1,-1,-1,-1,-1,-1,-1,-1,-1,-1,-1,-1,-1,-1,-1,-1,-1,-1,-1,-1,-1,-1,-1,-1,-1,-1,-1,-1,-1,-1,-1,-1,-1,-1,-1,-1,-1,-1,-1,-1,-1,-1,-1,-1,-1,-1,-1,-1,-1,-1,-1,-1,-1,-1,-1,-1,-1,-1,-1,-1,-1,-1,-1,-1,-1,-1,-1,-1,-1,-1,-1,-1,-1,-1,-1,-1,-1,-1,-1,-1,-1,-1,-1,-1,-1,-1,-1,-1,-1,-1,-1,-1,-1,-1,-1,-1,-1,-1,-1,-1
263,148,11,29,241,378,188,189,177,120,356,188,241,313,234,138,338,46,303,327,182,348,116,139,37,272,321,238,180,104,272,208,412,183,368,87,217,10,400,88,62,369,315,244,1,40,186,371,101,155,35,369,7,215,233,204,63,15,103,165,369,62,99,369,285,254,157,91,260,239,157,243,215,197,353,339,286,251,391,353,214,60,353,60,299,205,113,255,49,345,335,409,149,342,246,295,14,32,377,89,69,372,207,90,382,127,163,191,210,174,17,50,67,74,108,352,319,280,118,133,365,347,82,351,112,222,109,59,22,196,237,123,306,-1,-1,-1,-1,-1,-1,-1,-1,-1,-1,-1,-1,-1,-1,-1,-1,-1,-1,-1,-1,-1,-1,-1,-1,-1,-1,-1,-1,-1,-1,-1,-1,-1,-1,-1,-1,-1,-1,-1,-1,-1,-1,-1,-1,-1,-1,-1,-1,-1,-1,-1,-1,-1,-1,-1,-1,-1,-1,-1,-1,-1,-1,-1,-1,-1,-1,-1,-1,-1,-1,-1,-1,-1,-1,-1,-1,-1,-1,-1,-1,-1,-1,-1,-1,-1,-1,-1,-1,-1,-1,-1,-1,-1,-1,-1,-1,-1,-1,-1,-1,-1,-1,-1,-1,-1,-1,-1,-1,-1,-1,-1,-1,-1,-1,-1,-1,-1,-1,-1,-1,-1,-1,-1,-1,-1,-1,-1,-1,-1
290,160,164,398,125,100,284,274,177,193,189,230,177,193,230,274,398,125,284,160,164,169,378,263,148,11,29,188,116,313,234,303,46,338,138,241,182,348,327,82,64,114,220,39,112,41,386,109,304,200,61,123,22,237,351,306,293,59,222,54,9,196,140,180,139,208,104,217,87,400,37,10,272,88,321,266,238,154,119,142,269,16,223,324,158,328,93,96,145,31,132,72,122,44,216,128,314,26,250,252,270,141,95,383,381,194,271,341,99,62,315,244,369,239,91,285,165,260,84,40,1,157,243,186,171,101,166,12,35,376,245,333,155,291,25,294,147,389,83,77,373,236,262,33,317,70,226,405,175,366,176,225,362,406,362,105,117,7,214,215,63,353,233,204,339,286,60,15,103,391,299,28,205,49,342,335,345,409,113,14,32,69,246,248,377,149,89,207,150,90,163,127,133,210,191,17,67,74,108,50,347,174,365,352,319,280,-1,-1,-1,-1,-1,-1,-1,-1,-1,-1,-1,-1,-1,-1,-1,-1,-1,-1,-1,-1,-1,-1,-1,-1,-1,-1,-1,-1,-1,-1,-1,-1,-1,-1,-1,-1,-1,-1,-1,-1,-1,-1,-1,-1,-1,-1,-1,-1,-1,-1,-1,-1,-1,-1,-1,-1
268,189,177,230,290,356,193,120,125,374,160,169,398,230,274,284,164,378,263,241,148,188,11,116,29,313,234,303,46,138,182,348,327,82,64,114,39,112,220,41,304,386,123,302,8,306,399,196,79,61,351,222,200,109,59,22,237,54,293,140,180,208,139,37,58,259,10,104,272,88,368,400,87,217,266,321,238,328,154,143,142,119,324,269,44,223,16,158,216,31,26,128,314,252,270,383,141,95,250,48,102,271,341,194,381,373,77,236,262,33,405,175,70,105,406,226,317,176,225,394,289,36,57,366,362,117,324,291,214,7,215,204,233,353,339,286,63,15,103,391,60,28,299,205,49,335,345,409,113,14,32,342,246,377,89,248,69,3,149,150,207,90,163,210,191,17,127,133,67,74,108,382,50,118,227,365,352,319,280,-1,-1,-1,-1,-1,-1,-1,-1,-1,-1,-1,-1,-1,-1,-1,-1,-1,-1,-1,-1,-1,-1,-1,-1,-1,-1,-1,-1,-1,-1,-1,-1,-1,-1,-1,-1,-1,-1,-1,-1,-1,-1,-1,-1,-1,-1,-1,-1,-1,-1,-1,-1,-1,-1,-1,-1,-1,-1,-1,-1,-1,-1,-1,-1,-1,-1,-1,-1,-1,-1,-1,-1,-1,-1,-1,-1,-1,-1,-1,-1,-1,-1,-1
193,398,274,125,284,160,164,188,148,11,116,316,241,130,5,4,180,139,37,208,18,140,272,412,104,217,87,183,400,10,88,368,314,128,26,252,250,194,271,341,270,383,141,62,99,369,315,86,91,165,285,239,260,244,40,1,157,243,265,186,171,155,101,35,166,12,147,389,294,245,333,179,83,291,25,376,77,373,317,33,405,175,262,70,105,176,236,366,225,226,362,406,117,351,109,59,386,200,54,293,9,7,214,215,353,63,15,103,197,391,233,60,204,339,286,200,61,114,22,220,123,222,48,95,383,381,194,299,28,205,49,335,345,409,113,342,246,255,89,377,32,248,14,69,207,150,252,270,369,127,90,352,319,133,50,365,280,163,191,17,382,402,161,97,121,118,382,118,347,191,174,365,174,74,67,108,241,148,188,351,200,39,112,114,86,315,369,244,-1,-1,-1,-1,-1,-1,-1,-1,-1,-1,-1,-1,-1,-1,-1,-1,-1,-1,-1,-1,-1,-1,-1,-1,-1,-1,-1,-1,-1,-1,-1,-1,-1,-1,-1,-1,-1,-1,-1,-1,-1,-1,-1,-1,-1,-1,-1,-1,-1,-1,-1,-1,-1,-1,-1,-1,-1,-1,-1,-1,-1,-1,-1,-1,-1,-1,-1,-1,-1,-1,-1,-1,-1,-1
268,189,177,230,290,189,356,120,177,193,125,274,230,398,380,273,284,378,263,148,188,29,241,182,313,234,303,11,116,46,338,138,348,346,386,109,304,82,64,114,39,112,220,41,61,200,351,237,22,222,54,293,9,59,196,123,306,88,217,87,400,143,266,321,238,142,16,154,269,119,305,223,324,93,96,328,44,158,216,31,150,207,127,90,50,133,74,319,365,67,108,163,210,191,264,17,174,347,352,280,26,128,252,314,250,45,379,48,194,270,141,383,95,271,381,99,62,315,91,86,369,285,244,40,1,157,165,84,243,260,239,71,-1,-1,-1,-1,-1,-1,-1,-1,-1,-1,-1,-1,-1,-1,-1,-1,-1,-1,-1,-1,-1,-1,-1,-1,-1,-1,-1,-1,-1,-1,-1,-1,-1,-1,-1,-1,-1,-1,-1,-1,-1,-1,-1,-1,-1,-1,-1,-1,-1,-1,-1,-1,-1,-1,-1,-1,-1,-1,-1,-1,-1,-1,-1,-1,-1,-1,-1,-1,-1,-1,-1,-1,-1,-1,-1,-1,-1,-1,-1,-1,-1,-1,-1,-1,-1,-1,-1,-1,-1,-1,-1,-1,-1,-1,-1,-1,-1,-1,-1,-1,-1,-1,-1,-1,-1,-1,-1,-1,-1,-1,-1,-1,-1,-1,-1,-1,-1,-1,-1,-1,-1,-1,-1,-1,-1,-1,-1,-1,-1,-1
268,189,120,177,290,169,230,356,398,274,125,193,100,160,164,284,140,180,208,139,37,104,272,88,183,368,400,10,143,321,119,266,142,238,154,18,267,88,267,198,368,400,183,412,305,154,223,16,158,132,324,269,44,216,31,387,336,297,26,128,314,252,141,270,383,95,250,194,271,341,381,99,62,86,315,91,369,285,165,260,239,244,84,243,157,40,1,171,186,101,35,155,371,12,389,147,309,83,166,53,25,376,245,333,373,262,77,236,33,317,176,225,105,144,70,226,175,405,366,117,214,7,215,204,233,197,63,353,251,339,286,60,103,15,391,28,299,205,113,342,49,255,246,89,149,345,335,377,32,295,14,409,248,69,150,207,127,133,90,382,163,191,210,17,50,347,118,108,74,352,319,227,67,365,280,-1,-1,-1,-1,-1,-1,-1,-1,-1,-1,-1,-1,-1,-1,-1,-1,-1,-1,-1,-1,-1,-1,-1,-1,-1,-1,-1,-1,-1,-1,-1,-1,-1,-1,-1,-1,-1,-1,-1,-1,-1,-1,-1,-1,-1,-1,-1,-1,-1,-1,-1,-1,-1,-1,-1,-1,-1,-1,-1,-1,-1,-1,-1,-1,-1,-1,-1,-1,-1,-1,-1,-1,-1,-1,-1,-1,-1,-1,-1,-1,-1,-1,-1,-1,-1,-1,-1
